{"textures":{"0":"modelengine:entity/vikingboat"},"elements":[{"name":"cube","from":[13.409286,-12.602307,-4.2386694],"to":[19.373287,-10.0463085,10.330532],"rotation":{"angle":-45.0,"axis":"z","origin":[13.039429,7.6529236,18.208794]},"faces":{"down":{"uv":[0.0,4.571429,3.2857144,5.714286],"rotation":90,"texture":"#0","tintindex":0},"east":{"uv":[0.0,4.571429,4.142857,6.857143],"rotation":0,"texture":"#0","tintindex":0},"north":{"uv":[4.571429,2.4285715,5.428571,4.0],"rotation":90,"texture":"#0","tintindex":0},"south":{"uv":[0.0,4.571429,4.142857,6.857143],"rotation":0,"texture":"#0","tintindex":0},"up":{"uv":[0.0,4.571429,4.142857,6.857143],"rotation":0,"texture":"#0","tintindex":0},"west":{"uv":[0.0,4.571429,4.142857,6.857143],"rotation":0,"texture":"#0","tintindex":0}}},{"name":"cube","from":[5.3741665,-11.178836,-4.3238683],"to":[7.9301662,-6.0668354,10.330532],"rotation":{"angle":-22.5,"axis":"z","origin":[13.039429,7.6529236,18.208794]},"faces":{"down":{"uv":[0.0,4.571429,4.142857,6.857143],"rotation":0,"texture":"#0","tintindex":0},"east":{"uv":[0.0,4.571429,4.142857,6.857143],"rotation":0,"texture":"#0","tintindex":0},"north":{"uv":[4.571429,2.4285715,5.428571,4.0],"rotation":180,"texture":"#0","tintindex":0},"south":{"uv":[0.0,4.571429,4.142857,6.857143],"rotation":0,"texture":"#0","tintindex":0},"up":{"uv":[0.0,4.571429,4.142857,6.857143],"rotation":0,"texture":"#0","tintindex":0},"west":{"uv":[0.0,4.571429,3.0,5.714286],"rotation":180,"texture":"#0","tintindex":0}}},{"name":"cube","from":[0.6148801,-3.1396003,-4.3238683],"to":[3.0856807,0.9499998,10.330532],"rotation":{"angle":0.0,"axis":"x","origin":[13.039429,7.6529236,18.208794]},"faces":{"down":{"uv":[0.0,4.571429,4.142857,5.428571],"rotation":0,"texture":"#0","tintindex":0},"east":{"uv":[0.0,4.571429,4.142857,5.428571],"rotation":0,"texture":"#0","tintindex":0},"north":{"uv":[0.0,4.571429,4.142857,5.428571],"rotation":0,"texture":"#0","tintindex":0},"south":{"uv":[0.0,4.571429,4.142857,5.428571],"rotation":0,"texture":"#0","tintindex":0},"up":{"uv":[0.0,4.571429,4.142857,5.428571],"rotation":0,"texture":"#0","tintindex":0},"west":{"uv":[0.0,4.571429,2.5714285,5.428571],"rotation":0,"texture":"#0","tintindex":0}}},{"name":"cube","from":[-0.23711991,0.18319964,4.4517317],"to":[1.8928808,2.5687997,11.182531],"rotation":{"angle":0.0,"axis":"x","origin":[13.039429,7.6529236,18.208794]},"faces":{"down":{"uv":[4.714286,0.0,6.714286,0.42857143],"rotation":90,"texture":"#0","tintindex":0},"east":{"uv":[4.714286,0.0,6.714286,0.42857143],"rotation":0,"texture":"#0","tintindex":0},"north":{"uv":[4.714286,0.0,6.714286,0.2857143],"rotation":0,"texture":"#0","tintindex":0},"south":{"uv":[4.714286,0.0,6.714286,0.2857143],"rotation":0,"texture":"#0","tintindex":0},"up":{"uv":[4.714286,0.0,6.714286,0.42857143],"rotation":90,"texture":"#0","tintindex":0},"west":{"uv":[4.714286,0.0,6.714286,0.42857143],"rotation":0,"texture":"#0","tintindex":0}}},{"name":"cube","from":[-0.23711991,0.18319964,-2.279069],"to":[1.8928808,2.5687997,4.4517317],"rotation":{"angle":0.0,"axis":"x","origin":[13.039429,7.6529236,18.208794]},"faces":{"down":{"uv":[4.714286,0.0,6.714286,0.42857143],"rotation":90,"texture":"#0","tintindex":0},"east":{"uv":[4.714286,0.0,6.714286,0.42857143],"rotation":0,"texture":"#0","tintindex":0},"north":{"uv":[4.714286,0.0,6.714286,0.2857143],"rotation":0,"texture":"#0","tintindex":0},"south":{"uv":[4.714286,0.0,6.714286,0.2857143],"rotation":0,"texture":"#0","tintindex":0},"up":{"uv":[4.714286,0.0,6.714286,0.42857143],"rotation":90,"texture":"#0","tintindex":0},"west":{"uv":[4.714286,0.0,6.714286,0.42857143],"rotation":0,"texture":"#0","tintindex":0}}},{"name":"cube","from":[-0.23711991,0.18319964,-9.00987],"to":[1.8928808,2.5687997,-2.279069],"rotation":{"angle":0.0,"axis":"x","origin":[13.039429,7.6529236,18.208794]},"faces":{"down":{"uv":[4.714286,0.0,6.714286,0.42857143],"rotation":90,"texture":"#0","tintindex":0},"east":{"uv":[4.714286,0.0,6.714286,0.42857143],"rotation":0,"texture":"#0","tintindex":0},"north":{"uv":[4.714286,0.0,5.0,0.2857143],"rotation":0,"texture":"#0","tintindex":0},"south":{"uv":[4.714286,0.0,6.714286,0.2857143],"rotation":0,"texture":"#0","tintindex":0},"up":{"uv":[4.714286,0.0,6.714286,0.42857143],"rotation":90,"texture":"#0","tintindex":0},"west":{"uv":[4.714286,0.0,6.714286,0.42857143],"rotation":0,"texture":"#0","tintindex":0}}}],"display":{"head":{"translation":[0.0,-6.4,0.0],"rotation":[0.0,0.0,0.0],"scale":[3.8095,3.8095,3.8095]}}}