{"textures":{"0":"modelengine:entity/vikingboat"},"elements":[{"name":"cube","from":[-2.2926893,-11.840437,-5.117715],"to":[3.671311,-9.284438,9.451487],"rotation":{"angle":45.0,"axis":"z","origin":[4.203037,8.252924,17.424568]},"faces":{"down":{"uv":[0.0,4.571429,3.2857144,5.714286],"rotation":90,"texture":"#0","tintindex":0},"east":{"uv":[0.0,4.571429,4.142857,6.857143],"rotation":0,"texture":"#0","tintindex":0},"north":{"uv":[4.571429,2.4285715,5.428571,4.0],"rotation":90,"texture":"#0","tintindex":0},"south":{"uv":[0.0,4.571429,4.142857,6.857143],"rotation":0,"texture":"#0","tintindex":0},"up":{"uv":[0.0,4.571429,4.142857,6.857143],"rotation":0,"texture":"#0","tintindex":0},"west":{"uv":[0.0,4.571429,4.142857,6.857143],"rotation":0,"texture":"#0","tintindex":0}}},{"name":"cube","from":[9.100807,-10.491234,-5.202914],"to":[11.656807,-5.3792334,9.451487],"rotation":{"angle":22.5,"axis":"z","origin":[4.203037,8.252924,17.424568]},"faces":{"down":{"uv":[0.0,4.571429,4.142857,6.857143],"rotation":0,"texture":"#0","tintindex":0},"east":{"uv":[0.0,4.571429,3.0,5.714286],"rotation":180,"texture":"#0","tintindex":0},"north":{"uv":[4.571429,2.4285715,5.428571,4.0],"rotation":180,"texture":"#0","tintindex":0},"south":{"uv":[0.0,4.571429,4.142857,6.857143],"rotation":0,"texture":"#0","tintindex":0},"up":{"uv":[0.0,4.571429,4.142857,6.857143],"rotation":0,"texture":"#0","tintindex":0},"west":{"uv":[0.0,4.571429,4.142857,6.857143],"rotation":0,"texture":"#0","tintindex":0}}},{"name":"cube","from":[13.927867,-2.5396004,-5.202914],"to":[16.398666,1.5499997,9.451487],"rotation":{"angle":0.0,"axis":"x","origin":[4.203037,8.252924,17.424568]},"faces":{"down":{"uv":[0.0,4.571429,4.142857,6.857143],"rotation":0,"texture":"#0","tintindex":0},"east":{"uv":[0.0,4.571429,2.5714285,5.428571],"rotation":0,"texture":"#0","tintindex":0},"north":{"uv":[0.0,4.571429,4.142857,6.857143],"rotation":0,"texture":"#0","tintindex":0},"south":{"uv":[0.0,4.571429,4.142857,6.857143],"rotation":0,"texture":"#0","tintindex":0},"up":{"uv":[0.0,4.571429,4.142857,6.857143],"rotation":0,"texture":"#0","tintindex":0},"west":{"uv":[0.0,4.571429,4.142857,6.857143],"rotation":0,"texture":"#0","tintindex":0}}},{"name":"cube","from":[15.120667,0.7831998,3.5726857],"to":[17.250668,3.1687999,10.303486],"rotation":{"angle":0.0,"axis":"x","origin":[4.203037,8.252924,17.424568]},"faces":{"down":{"uv":[4.714286,0.0,6.714286,0.42857143],"rotation":90,"texture":"#0","tintindex":0},"east":{"uv":[4.714286,0.0,6.714286,0.42857143],"rotation":0,"texture":"#0","tintindex":0},"north":{"uv":[4.714286,0.0,6.714286,0.2857143],"rotation":0,"texture":"#0","tintindex":0},"south":{"uv":[4.714286,0.0,6.714286,0.2857143],"rotation":0,"texture":"#0","tintindex":0},"up":{"uv":[4.714286,0.0,6.714286,0.42857143],"rotation":90,"texture":"#0","tintindex":0},"west":{"uv":[4.714286,0.0,6.714286,0.42857143],"rotation":0,"texture":"#0","tintindex":0}}},{"name":"cube","from":[15.120667,0.7831998,-3.158115],"to":[17.250668,3.1687999,3.5726857],"rotation":{"angle":0.0,"axis":"x","origin":[4.203037,8.252924,17.424568]},"faces":{"down":{"uv":[4.714286,0.0,6.714286,0.42857143],"rotation":90,"texture":"#0","tintindex":0},"east":{"uv":[4.714286,0.0,6.714286,0.42857143],"rotation":0,"texture":"#0","tintindex":0},"north":{"uv":[4.714286,0.0,6.714286,0.2857143],"rotation":0,"texture":"#0","tintindex":0},"south":{"uv":[4.714286,0.0,6.714286,0.2857143],"rotation":0,"texture":"#0","tintindex":0},"up":{"uv":[4.714286,0.0,6.714286,0.42857143],"rotation":90,"texture":"#0","tintindex":0},"west":{"uv":[4.714286,0.0,6.714286,0.42857143],"rotation":0,"texture":"#0","tintindex":0}}},{"name":"cube","from":[15.120667,0.7831998,-9.888915],"to":[17.250668,3.1687999,-3.158115],"rotation":{"angle":0.0,"axis":"x","origin":[4.203037,8.252924,17.424568]},"faces":{"down":{"uv":[4.714286,0.0,6.714286,0.42857143],"rotation":90,"texture":"#0","tintindex":0},"east":{"uv":[4.714286,0.0,6.714286,0.42857143],"rotation":0,"texture":"#0","tintindex":0},"north":{"uv":[4.714286,0.0,5.0,0.2857143],"rotation":0,"texture":"#0","tintindex":0},"south":{"uv":[4.714286,0.0,6.714286,0.2857143],"rotation":0,"texture":"#0","tintindex":0},"up":{"uv":[4.714286,0.0,6.714286,0.42857143],"rotation":90,"texture":"#0","tintindex":0},"west":{"uv":[4.714286,0.0,6.714286,0.42857143],"rotation":0,"texture":"#0","tintindex":0}}}],"display":{"head":{"translation":[0.0,-6.4,0.0],"rotation":[0.0,0.0,0.0],"scale":[3.8095,3.8095,3.8095]}}}