{"textures":{"0":"modelengine:entity/wyvern"},"elements":[{"name":"cube","from":[7.0212126,0.8672991,8.093095],"to":[9.107178,1.7226201,9.589908],"rotation":{"angle":-22.5,"axis":"x","origin":[8.631795,-5.847069,-2.7884693]},"faces":{"down":{"uv":[10.875,6.625,12.125,7.5],"rotation":0,"texture":"#0","tintindex":0},"east":{"uv":[10.875,6.625,12.125,7.5],"rotation":0,"texture":"#0","tintindex":0},"north":{"uv":[10.875,6.625,12.125,7.5],"rotation":0,"texture":"#0","tintindex":0},"south":{"uv":[10.875,6.625,12.125,7.5],"rotation":0,"texture":"#0","tintindex":0},"up":{"uv":[10.875,6.625,12.125,7.5],"rotation":0,"texture":"#0","tintindex":0},"west":{"uv":[10.875,6.625,12.125,7.5],"rotation":0,"texture":"#0","tintindex":0}}},{"name":"cube","from":[8.384941,-1.9928155,10.539082],"to":[8.624941,-0.70983315,10.966742],"rotation":{"angle":-45.0,"axis":"x","origin":[8.417965,-5.847069,-0.4363358]},"faces":{"down":{"uv":[3.75,9.875,4.0,10.0],"rotation":90,"texture":"#0","tintindex":0},"east":{"uv":[3.75,9.875,4.0,10.0],"rotation":90,"texture":"#0","tintindex":0},"north":{"uv":[3.75,9.875,4.0,10.0],"rotation":90,"texture":"#0","tintindex":0},"south":{"uv":[3.75,9.875,4.0,10.0],"rotation":90,"texture":"#0","tintindex":0},"up":{"uv":[3.75,9.875,4.0,10.0],"rotation":90,"texture":"#0","tintindex":0},"west":{"uv":[3.75,9.875,4.0,10.0],"rotation":90,"texture":"#0","tintindex":0}}},{"name":"cube","from":[6.533552,-1.351325,12.035894],"to":[6.773552,0.14548802,12.463554],"rotation":{"angle":-45.0,"axis":"x","origin":[7.7764735,-5.205579,1.060477]},"faces":{"down":{"uv":[3.75,9.875,4.0,10.0],"rotation":90,"texture":"#0","tintindex":0},"east":{"uv":[3.75,9.875,4.0,10.0],"rotation":90,"texture":"#0","tintindex":0},"north":{"uv":[3.75,9.875,4.0,10.0],"rotation":90,"texture":"#0","tintindex":0},"south":{"uv":[3.75,9.875,4.0,10.0],"rotation":90,"texture":"#0","tintindex":0},"up":{"uv":[3.75,9.875,4.0,10.0],"rotation":90,"texture":"#0","tintindex":0},"west":{"uv":[3.75,9.875,4.0,10.0],"rotation":90,"texture":"#0","tintindex":0}}},{"name":"cube","from":[9.3471775,-1.351325,12.035894],"to":[9.587177,0.14548802,12.463554],"rotation":{"angle":-45.0,"axis":"x","origin":[9.487117,-5.205579,1.060477]},"faces":{"down":{"uv":[3.75,9.875,4.0,10.0],"rotation":90,"texture":"#0","tintindex":0},"east":{"uv":[3.75,9.875,4.0,10.0],"rotation":90,"texture":"#0","tintindex":0},"north":{"uv":[3.75,9.875,4.0,10.0],"rotation":90,"texture":"#0","tintindex":0},"south":{"uv":[3.75,9.875,4.0,10.0],"rotation":90,"texture":"#0","tintindex":0},"up":{"uv":[3.75,9.875,4.0,10.0],"rotation":90,"texture":"#0","tintindex":0},"west":{"uv":[3.75,9.875,4.0,10.0],"rotation":90,"texture":"#0","tintindex":0}}},{"name":"cube","from":[6.3797216,-0.9236636,12.891215],"to":[6.6197214,0.5731492,13.318876],"rotation":{"angle":-45.0,"axis":"x","origin":[7.562643,-4.7779174,1.7019676]},"faces":{"down":{"uv":[3.75,9.875,4.0,10.0],"rotation":90,"texture":"#0","tintindex":0},"east":{"uv":[3.75,9.875,4.0,10.0],"rotation":90,"texture":"#0","tintindex":0},"north":{"uv":[3.75,9.875,4.0,10.0],"rotation":90,"texture":"#0","tintindex":0},"south":{"uv":[3.75,9.875,4.0,10.0],"rotation":90,"texture":"#0","tintindex":0},"up":{"uv":[3.75,9.875,4.0,10.0],"rotation":90,"texture":"#0","tintindex":0},"west":{"uv":[3.75,9.875,4.0,10.0],"rotation":90,"texture":"#0","tintindex":0}}},{"name":"cube","from":[9.561008,-0.9236636,12.891215],"to":[9.801008,0.5731492,13.318876],"rotation":{"angle":-45.0,"axis":"x","origin":[9.700947,-4.7779174,1.7019676]},"faces":{"down":{"uv":[3.75,9.875,4.0,10.0],"rotation":90,"texture":"#0","tintindex":0},"east":{"uv":[3.75,9.875,4.0,10.0],"rotation":90,"texture":"#0","tintindex":0},"north":{"uv":[3.75,9.875,4.0,10.0],"rotation":90,"texture":"#0","tintindex":0},"south":{"uv":[3.75,9.875,4.0,10.0],"rotation":90,"texture":"#0","tintindex":0},"up":{"uv":[3.75,9.875,4.0,10.0],"rotation":90,"texture":"#0","tintindex":0},"west":{"uv":[3.75,9.875,4.0,10.0],"rotation":90,"texture":"#0","tintindex":0}}},{"name":"cube","from":[6.2597218,-1.9928155,11.822063],"to":[9.8686695,-0.9236636,15.801859],"rotation":{"angle":-45.0,"axis":"x","origin":[7.7764735,-5.6332397,1.060477]},"faces":{"down":{"uv":[4.0,0.875,4.751864,1.704124],"rotation":0,"texture":"#0","tintindex":0},"east":{"uv":[4.0,0.875,4.829124,1.09774],"rotation":0,"texture":"#0","tintindex":0},"north":{"uv":[4.0,0.875,4.751864,1.09774],"rotation":0,"texture":"#0","tintindex":0},"south":{"uv":[4.0,0.875,4.751864,1.09774],"rotation":0,"texture":"#0","tintindex":0},"up":{"uv":[4.0,0.875,4.751864,1.704124],"rotation":0,"texture":"#0","tintindex":0},"west":{"uv":[4.0,0.875,4.829124,1.09774],"rotation":0,"texture":"#0","tintindex":0}}},{"name":"cube","from":[6.8073826,1.294959,7.6654344],"to":[9.534838,2.1502814,10.2314],"rotation":{"angle":-22.5,"axis":"x","origin":[7.7764735,-4.991748,-1.5054889]},"faces":{"down":{"uv":[4.0,0.875,5.75,2.875],"rotation":0,"texture":"#0","tintindex":0},"east":{"uv":[4.0,0.875,4.534576,1.053192],"rotation":0,"texture":"#0","tintindex":0},"north":{"uv":[4.0,0.875,4.56822,1.053192],"rotation":0,"texture":"#0","tintindex":0},"south":{"uv":[4.0,0.875,5.75,2.875],"rotation":0,"texture":"#0","tintindex":0},"up":{"uv":[4.0,0.875,4.56822,1.409576],"rotation":0,"texture":"#0","tintindex":0},"west":{"uv":[4.0,0.875,4.534576,1.053192],"rotation":0,"texture":"#0","tintindex":0}}},{"name":"cube","from":[7.5557885,-1.9928155,10.539082],"to":[7.795789,-0.70983315,10.966742],"rotation":{"angle":-45.0,"axis":"x","origin":[8.845626,-5.847069,-0.4363358]},"faces":{"down":{"uv":[3.75,9.875,4.0,10.0],"rotation":90,"texture":"#0","tintindex":0},"east":{"uv":[3.75,9.875,4.0,10.0],"rotation":90,"texture":"#0","tintindex":0},"north":{"uv":[3.75,9.875,4.0,10.0],"rotation":90,"texture":"#0","tintindex":0},"south":{"uv":[3.75,9.875,4.0,10.0],"rotation":90,"texture":"#0","tintindex":0},"up":{"uv":[3.75,9.875,4.0,10.0],"rotation":90,"texture":"#0","tintindex":0},"west":{"uv":[3.75,9.875,4.0,10.0],"rotation":90,"texture":"#0","tintindex":0}}},{"name":"cube","from":[6.653552,-1.778985,12.035894],"to":[9.474838,-0.70983315,14.601859],"rotation":{"angle":-45.0,"axis":"x","origin":[7.7764735,-5.6332397,1.060477]},"faces":{"down":{"uv":[10.875,6.625,12.125,7.5],"rotation":0,"texture":"#0","tintindex":0},"east":{"uv":[10.875,6.625,12.125,7.5],"rotation":0,"texture":"#0","tintindex":0},"north":{"uv":[10.875,6.625,12.125,7.5],"rotation":0,"texture":"#0","tintindex":0},"south":{"uv":[10.875,6.625,12.125,7.5],"rotation":0,"texture":"#0","tintindex":0},"up":{"uv":[10.875,6.625,12.125,7.5],"rotation":0,"texture":"#0","tintindex":0},"west":{"uv":[10.875,6.625,12.125,7.5],"rotation":0,"texture":"#0","tintindex":0}}},{"name":"cube","from":[6.9142976,-1.778985,11.1805725],"to":[7.154298,-0.49600244,11.608233],"rotation":{"angle":-45.0,"axis":"x","origin":[8.204134,-5.6332397,0.20515466]},"faces":{"down":{"uv":[3.75,9.875,4.0,10.0],"rotation":90,"texture":"#0","tintindex":0},"east":{"uv":[3.75,9.875,4.0,10.0],"rotation":90,"texture":"#0","tintindex":0},"north":{"uv":[3.75,9.875,4.0,10.0],"rotation":90,"texture":"#0","tintindex":0},"south":{"uv":[3.75,9.875,4.0,10.0],"rotation":90,"texture":"#0","tintindex":0},"up":{"uv":[3.75,9.875,4.0,10.0],"rotation":90,"texture":"#0","tintindex":0},"west":{"uv":[3.75,9.875,4.0,10.0],"rotation":90,"texture":"#0","tintindex":0}}},{"name":"cube","from":[9.026432,-1.778985,11.1805725],"to":[9.266432,-0.49600244,11.608233],"rotation":{"angle":-45.0,"axis":"x","origin":[9.059456,-5.6332397,0.20515466]},"faces":{"down":{"uv":[3.75,9.875,4.0,10.0],"rotation":90,"texture":"#0","tintindex":0},"east":{"uv":[3.75,9.875,4.0,10.0],"rotation":90,"texture":"#0","tintindex":0},"north":{"uv":[3.75,9.875,4.0,10.0],"rotation":90,"texture":"#0","tintindex":0},"south":{"uv":[3.75,9.875,4.0,10.0],"rotation":90,"texture":"#0","tintindex":0},"up":{"uv":[3.75,9.875,4.0,10.0],"rotation":90,"texture":"#0","tintindex":0},"west":{"uv":[3.75,9.875,4.0,10.0],"rotation":90,