{"textures":{"0":"modelengine:entity/wyvern"},"elements":[{"name":"cube","from":[2.9827647,6.9209285,6.4371204],"to":[8.542604,8.942689,8.711599],"rotation":{"angle":0.0,"axis":"x","origin":[3.9936447,6.9209285,6.4371204]},"faces":{"down":{"uv":[1.75,7.625,0.0,8.375],"rotation":0,"texture":"#0","tintindex":0},"east":{"uv":[1.75,7.625,0.0,8.375],"rotation":0,"texture":"#0","tintindex":0},"north":{"uv":[1.75,7.625,0.0,8.375],"rotation":0,"texture":"#0","tintindex":0},"south":{"uv":[1.75,7.625,0.0,8.375],"rotation":0,"texture":"#0","tintindex":0},"up":{"uv":[1.75,7.625,0.0,8.375],"rotation":0,"texture":"#0","tintindex":0},"west":{"uv":[1.75,7.625,0.0,8.375],"rotation":0,"texture":"#0","tintindex":0}}},{"name":"cube","from":[-0.555315,7.1736484,5.42624],"to":[6.7735653,8.689969,7.448],"rotation":{"angle":-45.0,"axis":"y","origin":[3.7409248,6.9209285,4.41536]},"faces":{"down":{"uv":[1.75,7.625,0.0,8.375],"rotation":0,"texture":"#0","tintindex":0},"east":{"uv":[1.75,7.625,0.0,8.375],"rotation":0,"texture":"#0","tintindex":0},"north":{"uv":[1.75,7.625,0.0,8.375],"rotation":0,"texture":"#0","tintindex":0},"south":{"uv":[1.75,7.625,0.0,8.375],"rotation":0,"texture":"#0","tintindex":0},"up":{"uv":[1.75,7.625,0.0,8.375],"rotation":0,"texture":"#0","tintindex":0},"west":{"uv":[1.75,7.625,0.0,8.375],"rotation":0,"texture":"#0","tintindex":0}}},{"name":"cube","from":[-2.3719378,7.9318094,0.18021178],"to":[8.495023,7.9318094,16.859734],"rotation":{"angle":0.0,"axis":"x","origin":[-5.431938,7.9318094,23.183971]},"faces":{"down":{"uv":[3.625,14.375,0.0,9.875],"rotation":0,"texture":"#0","tintindex":0},"east":{"uv":[16.25,0.0,16.0,0.0],"rotation":0,"texture":"#0","tintindex":0},"north":{"uv":[16.25,0.0,16.0,0.0],"rotation":0,"texture":"#0","tintindex":0},"south":{"uv":[16.25,0.0,16.0,0.0],"rotation":0,"texture":"#0","tintindex":0},"up":{"uv":[0.0,14.375,3.625,9.875],"rotation":180,"texture":"#0","tintindex":0},"west":{"uv":[16.25,0.0,16.0,0.0],"rotation":0,"texture":"#0","tintindex":0}}},{"name":"cube","from":[-2.3243551,7.426368,1.8881595],"to":[0.20284462,8.437249,3.6571999],"rotation":{"angle":0.0,"axis":"x","origin":[-4.851556,6.9209285,1.1299992]},"faces":{"down":{"uv":[1.25,7.625,0.0,8.375],"rotation":0,"texture":"#0","tintindex":0},"east":{"uv":[1.25,7.625,0.0,8.375],"rotation":0,"texture":"#0","tintindex":0},"north":{"uv":[1.25,7.625,0.0,8.375],"rotation":0,"texture":"#0","tintindex":0},"south":{"uv":[1.25,7.625,0.0,8.375],"rotation":0,"texture":"#0","tintindex":0},"up":{"uv":[1.25,7.625,0.0,8.375],"rotation":0,"texture":"#0","tintindex":0},"west":{"uv":[1.25,7.625,0.0,8.375],"rotation":0,"texture":"#0","tintindex":0}}},{"name":"cube","from":[-14.960355,7.6148653,5.67896],"to":[-5.3569956,8.373025,7.448],"rotation":{"angle":45.0,"axis":"y","origin":[-10.411396,6.9209285,4.9207997]},"faces":{"down":{"uv":[3.625,7.625,0.0,8.375],"rotation":0,"texture":"#0","tintindex":0},"east":{"uv":[3.625,7.625,0.0,8.375],"rotation":0,"texture":"#0","tintindex":0},"north":{"uv":[3.625,7.625,0.0,8.375],"rotation":0,"texture":"#0","tintindex":0},"south":{"uv":[3.625,7.625,0.0,8.375],"rotation":0,"texture":"#0","tintindex":0},"up":{"uv":[3.625,7.625,0.0,8.375],"rotation":0,"texture":"#0","tintindex":0},"west":{"uv":[0.0,8.125,0.5,7.625],"rotation":90,"texture":"#0","tintindex":0}}},{"name":"cube","from":[-6.367876,7.426368,1.8881595],"to":[-2.3243551,8.437249,3.6571999],"rotation":{"angle":0.0,"axis":"x","origin":[-7.3787556,6.9209285,1.1299992]},"faces":{"down":{"uv":[1.75,7.625,0.0,8.375],"rotation":0,"texture":"#0","tintindex":0},"east":{"uv":[1.75,7.625,0.0,8.375],"rotation":0,"texture":"#0","tintindex":0},"north":{"uv":[1.75,7.625,0.0,8.375],"rotation":0,"texture":"#0","tintindex":0},"south":{"uv":[1.75,7.625,0.0,8.375],"rotation":0,"texture":"#0","tintindex":0},"up":{"uv":[1.75,7.625,0.0,8.375],"rotation":0,"texture":"#0","tintindex":0},"west":{"uv":[1.75,7.625,0.0,8.375],"rotation":0,"texture":"#0","tintindex":0}}},{"name":"cube","from":[-14.911939,7.9318094,0.15621114],"to":[-2.2759376,7.9318094,16.835732],"rotation":{"angle":0.0,"axis":"x","origin":[-5.431938,7.9318094,35.819977]},"faces":{"down":{"uv":[8.0,14.375,3.5,9.875],"rotation":0,"texture":"#0","tintindex":0},"east":{"uv":[16.25,0.0,16.0,0.0],"rotation":0,"texture":"#0","tintindex":0},"north":{"uv":[16.25,0.0,16.0,0.0],"rotation":0,"texture":"#0","tintindex":0},"south":{"uv":[16.25,0.0,16.0,0.0],"rotation":0,"texture":"#0","tintindex":0},"up":{"uv":[3.5,14.375,8.0,9.875],"rotation":180,"texture":"#0","tintindex":0},"west":{"uv":[16.25,0.0,16.0,0.0],"rotation":0,"texture":"#0","tintindex":0}}}],"display":{"head":{"translation":[0.0,-6.4,0.0],"rotation":[0.0,0.0,0.0],"scale":[3.8095,3.8095,3.8095]}}}