{"textures":{"0":"modelengine:entity/wyvern"},"elements":[{"name":"cube","from":[7.8178077,7.163988,6.4371204],"to":[13.377647,9.185749,8.711599],"rotation":{"angle":0.0,"axis":"x","origin":[12.366768,7.163988,6.4371204]},"faces":{"down":{"uv":[0.0,7.625,1.75,8.375],"rotation":0,"texture":"#0","tintindex":0},"east":{"uv":[0.0,7.625,1.75,8.375],"rotation":0,"texture":"#0","tintindex":0},"north":{"uv":[0.0,7.625,1.75,8.375],"rotation":0,"texture":"#0","tintindex":0},"south":{"uv":[0.0,7.625,1.75,8.375],"rotation":0,"texture":"#0","tintindex":0},"up":{"uv":[0.0,7.625,1.75,8.375],"rotation":0,"texture":"#0","tintindex":0},"west":{"uv":[0.0,7.625,1.75,8.375],"rotation":0,"texture":"#0","tintindex":0}}},{"name":"cube","from":[9.586847,7.4167094,5.42624],"to":[16.91573,8.933029,7.448],"rotation":{"angle":45.0,"axis":"y","origin":[12.619488,7.163988,4.41536]},"faces":{"down":{"uv":[0.0,7.625,1.75,8.375],"rotation":0,"texture":"#0","tintindex":0},"east":{"uv":[0.0,7.625,1.75,8.375],"rotation":0,"texture":"#0","tintindex":0},"north":{"uv":[0.0,7.625,1.75,8.375],"rotation":0,"texture":"#0","tintindex":0},"south":{"uv":[0.0,7.625,1.75,8.375],"rotation":0,"texture":"#0","tintindex":0},"up":{"uv":[0.0,7.625,1.75,8.375],"rotation":0,"texture":"#0","tintindex":0},"west":{"uv":[0.0,7.625,1.75,8.375],"rotation":0,"texture":"#0","tintindex":0}}},{"name":"cube","from":[7.858977,8.17487,0.12662482],"to":[18.725937,8.17487,16.806145],"rotation":{"angle":0.0,"axis":"x","origin":[21.365936,8.17487,23.610386]},"faces":{"down":{"uv":[3.625,9.875,0.0,14.375],"rotation":180,"texture":"#0","tintindex":0},"east":{"uv":[16.0,0.0,16.25,0.0],"rotation":0,"texture":"#0","tintindex":0},"north":{"uv":[16.0,0.0,16.25,0.0],"rotation":0,"texture":"#0","tintindex":0},"south":{"uv":[16.0,0.0,16.25,0.0],"rotation":0,"texture":"#0","tintindex":0},"up":{"uv":[0.0,9.875,3.625,14.375],"rotation":0,"texture":"#0","tintindex":0},"west":{"uv":[16.0,0.0,16.25,0.0],"rotation":0,"texture":"#0","tintindex":0}}},{"name":"cube","from":[16.157568,7.6694293,1.8881595],"to":[18.684769,8.680309,3.6571999],"rotation":{"angle":0.0,"axis":"x","origin":[21.211967,7.163988,1.1299992]},"faces":{"down":{"uv":[0.0,7.625,1.25,8.375],"rotation":0,"texture":"#0","tintindex":0},"east":{"uv":[0.0,7.625,1.25,8.375],"rotation":0,"texture":"#0","tintindex":0},"north":{"uv":[0.0,7.625,1.25,8.375],"rotation":0,"texture":"#0","tintindex":0},"south":{"uv":[0.0,7.625,1.25,8.375],"rotation":0,"texture":"#0","tintindex":0},"up":{"uv":[0.0,7.625,1.25,8.375],"rotation":0,"texture":"#0","tintindex":0},"west":{"uv":[0.0,7.625,1.25,8.375],"rotation":0,"texture":"#0","tintindex":0}}},{"name":"cube","from":[21.717407,7.857925,5.67896],"to":[31.32077,8.616085,7.448],"rotation":{"angle":-45.0,"axis":"y","origin":[26.771809,7.163988,4.9207997]},"faces":{"down":{"uv":[0.0,7.625,3.625,8.375],"rotation":0,"texture":"#0","tintindex":0},"east":{"uv":[0.0,7.625,0.5,8.125],"rotation":90,"texture":"#0","tintindex":0},"north":{"uv":[0.0,7.625,3.625,8.375],"rotation":0,"texture":"#0","tintindex":0},"south":{"uv":[0.0,7.625,3.625,8.375],"rotation":0,"texture":"#0","tintindex":0},"up":{"uv":[0.0,7.625,3.625,8.375],"rotation":0,"texture":"#0","tintindex":0},"west":{"uv":[0.0,7.625,3.625,8.375],"rotation":0,"texture":"#0","tintindex":0}}},{"name":"cube","from":[18.684769,7.6694293,1.8881595],"to":[22.728287,8.680309,3.6571999],"rotation":{"angle":0.0,"axis":"x","origin":[23.739166,7.163988,1.1299992]},"faces":{"down":{"uv":[0.0,7.625,1.75,8.375],"rotation":0,"texture":"#0","tintindex":0},"east":{"uv":[0.0,7.625,1.75,8.375],"rotation":0,"texture":"#0","tintindex":0},"north":{"uv":[0.0,7.625,1.75,8.375],"rotation":0,"texture":"#0","tintindex":0},"south":{"uv":[0.0,7.625,1.75,8.375],"rotation":0,"texture":"#0","tintindex":0},"up":{"uv":[0.0,7.625,1.75,8.375],"rotation":0,"texture":"#0","tintindex":0},"west":{"uv":[0.0,7.625,1.75,8.375],"rotation":0,"texture":"#0","tintindex":0}}},{"name":"cube","from":[18.689938,8.17487,0.10262418],"to":[31.32594,8.17487,16.782145],"rotation":{"angle":0.0,"axis":"x","origin":[21.365936,8.17487,36.246387]},"faces":{"down":{"uv":[8.0,9.875,3.5,14.375],"rotation":180,"texture":"#0","tintindex":0},"east":{"uv":[16.0,0.0,16.25,0.0],"rotation":0,"texture":"#0","tintindex":0},"north":{"uv":[16.0,0.0,16.25,0.0],"rotation":0,"texture":"#0","tintindex":0},"south":{"uv":[16.0,0.0,16.25,0.0],"rotation":0,"texture":"#0","tintindex":0},"up":{"uv":[3.5,9.875,8.0,14.375],"rotation":0,"texture":"#0","tintindex":0},"west":{"uv":[16.0,0.0,16.25,0.0],"rotation":0,"texture":"#0","tintindex":0}}}],"display":{"head":{"translation":[0.0,-6.4,0.0],"rotation":[0.0,0.0,0.0],"scale":[3.8095,3.8095,3.8095]}}}